Tigris utca;Budapest III. kerülete
Tigris utca;Budapest II. kerülete
Tigris utca;Budapest I. kerülete
Tigris utca;Budapest IV. kerülete
Tigris utca;Budapest IX. kerülete
Tigris utca;Budapest VIII. kerülete
Tigris utca;Budapest VII. kerülete
Tigris utca;Budapest VI. kerülete
Tigris utca;Budapest V. kerülete
Tigris utca;Budapest XIII. kerülete
Tigris utca;Budapest XII. kerülete
Tigris utca;Budapest XI. kerülete
Tigris utca;Budapest XIV. kerülete
Tigris utca;Budapest XIX. kerülete
Tigris utca;Budapest X. kerülete
Tigris utca;Budapest XVIII. kerülete
Tigris utca;Budapest XVII. kerülete
Tigris utca;Budapest XVI. kerülete
Tigris utca;Budapest XV. kerülete
Tigris utca;Budapest XXIII. kerülete
Tigris utca;Budapest XXII. kerülete
Tigris utca;Budapest XXI. kerülete
Tigris utca;Budapest XX. kerülete
