EzEgyTesztUtca utca;Budapest III. kerülete
EzEgyTesztUtca utca;Budapest II. kerülete
EzEgyTesztUtca utca;Budapest I. kerülete
EzEgyTesztUtca utca;Budapest IV. kerülete
EzEgyTesztUtca utca;Budapest IX. kerülete
EzEgyTesztUtca utca;Budapest VIII. kerülete
EzEgyTesztUtca utca;Budapest VII. kerülete
EzEgyTesztUtca utca;Budapest VI. kerülete
EzEgyTesztUtca utca;Budapest V. kerülete
EzEgyTesztUtca utca;Budapest XIII. kerülete
EzEgyTesztUtca utca;Budapest XII. kerülete
EzEgyTesztUtca utca;Budapest XI. kerülete
EzEgyTesztUtca utca;Budapest XIV. kerülete
EzEgyTesztUtca utca;Budapest XIX. kerülete
EzEgyTesztUtca utca;Budapest X. kerülete
EzEgyTesztUtca utca;Budapest XVIII. kerülete
EzEgyTesztUtca utca;Budapest XVII. kerülete
EzEgyTesztUtca utca;Budapest XVI. kerülete
EzEgyTesztUtca utca;Budapest XV. kerülete
EzEgyTesztUtca utca;Budapest XXIII. kerülete
EzEgyTesztUtca utca;Budapest XXII. kerülete
EzEgyTesztUtca utca;Budapest XXI. kerülete
EzEgyTesztUtca utca;Budapest XX. kerülete
