2. dűlő;Debrecen
3. dűlő;Debrecen
Ábel utca;Debrecen
Abigél utca;Debrecen
Abonyi utca;Debrecen
Áchim András utca;Debrecen
Acsádi út;Debrecen
Ács utca;Debrecen
Aczél Géza utca;Debrecen
Ádám utca;Debrecen
Ady Endre sugárút;Debrecen
Ady park;Debrecen
Áfonya utca;Debrecen
Agancs utca;Debrecen
Agárdi utca;Debrecen
Ág utca;Debrecen
Ajtó utca;Debrecen
Akácfa utca;Debrecen
Akácméz utca;Debrecen
Akácvirág utca;Debrecen
Akadémia utca;Debrecen
Alkonyat köz;Debrecen
Alkonyat utca;Debrecen
Alkotás utca;Debrecen
Alkotmány utca;Debrecen
Állomás utca;Debrecen
Almáskert utca;Debrecen
Alma utca;Debrecen
Álmos utca;Debrecen
Alsójózsai utca;Debrecen
Alvinczi utca;Debrecen
Andaházi utca;Debrecen
Angyalföld tér;Debrecen
Ánizs utca;Debrecen
Antall József utca;Debrecen
Apafája utca;Debrecen
Apafa tanya;Debrecen
Apafa vasútállomás;Debrecen
Apafi utca;Debrecen
Apáterdő utca;Debrecen
Arad utca;Debrecen
Aranyeső utca;Debrecen
Aranyfácán utca;Debrecen
Arany János tér;Debrecen
Arany János utca;Debrecen
Aranykapu utca;Debrecen
Arasz utca;Debrecen
Arató utca;Debrecen
Árnika utca;Debrecen
Árnyas utca;Debrecen
Árok utca;Debrecen
Árpád tér;Debrecen
Árpa utca;Debrecen
Árvalányhaj utca;Debrecen
Árva utca;Debrecen
Asztalos utca;Debrecen
Attila tér;Debrecen
Aulich utca;Debrecen
Babarózsa utca;Debrecen
Babér utca;Debrecen
Babits Mihály utca;Debrecen
Bádogos köz;Debrecen
Bádogos utca;Debrecen
Bagoly utca;Debrecen
Bajcsy-Zsilinszky utca;Debrecen
Bajnok utca;Debrecen
Bajonett utca;Debrecen
Bajza József utca;Debrecen
Bakator utca;Debrecen
Baksay Sándor utca;Debrecen
Balásházy János utca;Debrecen
Balassi Bálint utca;Debrecen
Balaton utca;Debrecen
Bálint pap utca;Debrecen
Bálint Zoltán utca;Debrecen
Balmazújvárosi út;Debrecen
Balogh Mihály utca;Debrecen
Baltazár Dezső tér;Debrecen
Balzsamfű utca;Debrecen
Bánat utca;Debrecen
Bán Imre utca;Debrecen
Bánk tanya;Debrecen
Bán utca;Debrecen
Bányai Júlia utca;Debrecen
Barackos utca;Debrecen
Barakonyi utca;Debrecen
Bárányfelhő utca;Debrecen
Bárány utca;Debrecen
Barátság utca;Debrecen
Barcaság utca;Debrecen
Bárczi Géza utca;Debrecen
Barna utca;Debrecen
Baross Gábor utca;Debrecen
Bársony utca;Debrecen
Barta János utca;Debrecen
Bartha Boldizsár utca;Debrecen
Bartók Béla út;Debrecen
Basahalom utca;Debrecen
Baskír utca;Debrecen
Báthori utca;Debrecen
Batthyány utca;Debrecen
Bayk András kert;Debrecen
Bayk András utca;Debrecen
Bay Zoltán utca;Debrecen
Bazsalikom utca;Debrecen
Bazsarózsa utca;Debrecen
Becsky utca;Debrecen
Bégány utca;Debrecen
Begónia utca;Debrecen
Bekecs utca;Debrecen
Békéscsaba utca;Debrecen
Békéssy Béla utca;Debrecen
Békés utca;Debrecen
Béla utca;Debrecen
Bellegelő kert;Debrecen
Bem József utca;Debrecen
Bem tér;Debrecen
Bencsik Sándor utca;Debrecen
Benczúr Gyula utca;Debrecen
Bendegúz tér;Debrecen
Benedek Elek tér;Debrecen
Benedek Mihály utca;Debrecen
Bercsényi utca;Debrecen
Beregszászi Pál utca;Debrecen
Berek utca;Debrecen
Berettyó utca;Debrecen
Béri Balogh utca;Debrecen
Berkenye utca;Debrecen
Berta utca;Debrecen
Berzsenyi út;Debrecen
Besenyő utca;Debrecen
Bessenyei utca;Debrecen
Besze János utca;Debrecen
Besztercei utca;Debrecen
Bethlen utca;Debrecen
Beton tanya;Debrecen
Bezerédj Imre utca;Debrecen
Bibe utca;Debrecen
Bíbic utca;Debrecen
Bíbor utca;Debrecen
Biczó István kert;Debrecen
Biczókert utca;Debrecen
Bihari utca;Debrecen
Bimbó utca;Debrecen
Bíró utca;Debrecen
Birsalma utca;Debrecen
Blaháné utca;Debrecen
Bocskai István út;Debrecen
Bocskai tér;Debrecen
Bodai utca;Debrecen
Bodrog utca;Debrecen
Bodza utca;Debrecen
Bogáncs utca;Debrecen
Boglárka utca;Debrecen
Bognár Rezső utca;Debrecen
Bojtár utca;Debrecen
Bojta utca;Debrecen
Bojtorján utca;Debrecen
Boka Károly utca;Debrecen
Bokréta utca;Debrecen
Bokros utca;Debrecen
Bölcs utca;Debrecen
Boldogfalva utca;Debrecen
Boldogkert utca;Debrecen
Böllér utca;Debrecen
Bólyai utca;Debrecen
Bondorhát utca;Debrecen
Borágó utca;Debrecen
Bőralma utca;Debrecen
Borbíró tér;Debrecen
Borbolya utca;Debrecen
Borház utca;Debrecen
Bornemissza utca;Debrecen
Boróka utca;Debrecen
Borostyán utca;Debrecen
Boros utca;Debrecen
Borsika utca;Debrecen
Borsmenta utca;Debrecen
Borsos József tér;Debrecen
Borsovai utca;Debrecen
Borszőlő utca;Debrecen
Borzán Gáspár utca;Debrecen
Borz utca;Debrecen
Böszörményi út;Debrecen
Botond utca;Debrecen
Branyiszkó utca;Debrecen
Budai Ézsaiás utca;Debrecen
Budai Nagy Antal utca;Debrecen
Bujdosó utca;Debrecen
Bükkmogyoró utca;Debrecen
Bükk utca;Debrecen
Bulgár utca;Debrecen
Burgundia utca;Debrecen
Bürök utca;Debrecen
Busi utca;Debrecen
Búza utca;Debrecen
Búzavirág utca;Debrecen
Buzogány utca;Debrecen
Cecília utca;Debrecen
Cegléd utca;Debrecen
Cickafark utca;Debrecen
Ciklámen utca;Debrecen
Cikória utca;Debrecen
Cimbalom utca;Debrecen
Cinege utca;Debrecen
Citera utca;Debrecen
Citromfű utca;Debrecen
Civis utca;Debrecen
Csabagyöngye utca;Debrecen
Csaba vezér utca;Debrecen
Csákány utca;Debrecen
Csalán utca;Debrecen
Csalitos utca;Debrecen
Csalogány utca;Debrecen
Csanak utca;Debrecen
Csángó utca;Debrecen
Csányi Dániel utca;Debrecen
Csapókert utca;Debrecen
Csapó utca;Debrecen
Csapszék utca;Debrecen
Csap utca;Debrecen
Csárdás utca;Debrecen
Csárda út;Debrecen
Császár Péter utca;Debrecen
Csatár utca;Debrecen
Csata utca;Debrecen
Csáthy utca;Debrecen
Csatorna sor;Debrecen
Csemete utca;Debrecen
Csendes utca;Debrecen
Csenger utca;Debrecen
Csengő utca;Debrecen
Cséplő utca;Debrecen
Csereág utca;Debrecen
Cserebogár utca;Debrecen
Csereerdő utca;Debrecen
Cserei-ér dűlő;Debrecen
Cserei part;Debrecen
Cserei utca;Debrecen
Cserepes utca;Debrecen
Cseresznye utca;Debrecen
Cserfa utca;Debrecen
Cser köz;Debrecen
Cserlevél utca;Debrecen
Csermely utca;Debrecen
Cserszömörce utca;Debrecen
Cser utca;Debrecen
Csigekert utca;Debrecen
Csíkhal utca;Debrecen
Csikós utca;Debrecen
Csillagfürt utca;Debrecen
Csillag utca;Debrecen
Csillagvirág utca;Debrecen
Csipkebokor utca;Debrecen
Csipkerózsa utca;Debrecen
Csipkés utca;Debrecen
Csizmadia utca;Debrecen
Csíz utca;Debrecen
Csobolyó utca;Debrecen
Csóka utca;Debrecen
Csokonai utca;Debrecen
Csók utca;Debrecen
Csombor utca;Debrecen
Csónak utca;Debrecen
Csongor utca;Debrecen
Csongrád utca;Debrecen
Csonkatorony utca;Debrecen
Csonka utca;Debrecen
Csordás Ferenc utca;Debrecen
Csoroszlya utca;Debrecen
Csörsz utca;Debrecen
Csucsor utca;Debrecen
Csúcs utca;Debrecen
Csuka utca;Debrecen
Csűry Bálint utca;Debrecen
Csutorás utca;Debrecen
Csuvas utca;Debrecen
Damjanich utca;Debrecen
Darabos utca;Debrecen
Dárda utca;Debrecen
Daróczi Vilmos utca;Debrecen
Daru utca;Debrecen
Deák Ferenc utca;Debrecen
Délibáb utca;Debrecen
Déli sor;Debrecen
Dembinszky utca;Debrecen
Derekassy István utca;Debrecen
Derék utca;Debrecen
Déri tér;Debrecen
Dér utca;Debrecen
Dessewffy utca;Debrecen
Dévai utca;Debrecen
Dévény utca;Debrecen
Dézsa utca;Debrecen
Dézsi András utca;Debrecen
Diadal utca;Debrecen
Dicsőfi utca;Debrecen
Dienes János utca;Debrecen
Diófa utca;Debrecen
Diószegi út;Debrecen
Dió utca;Debrecen
Doberdó utca;Debrecen
Doboka utca;Debrecen
Dobó utca;Debrecen
Dobozi utca;Debrecen
Doboz utca;Debrecen
Dobsina utca;Debrecen
Dob utca;Debrecen
Dobverő utca;Debrecen
Dóczy József utca;Debrecen
Dohánykert utca;Debrecen
Dohányos utca;Debrecen
Dolmány utca;Debrecen
Dombhajlat utca;Debrecen
Dombhát utca;Debrecen
Dombosi út;Debrecen
Dombostanya ;Debrecen
Domb utca;Debrecen
Domokoskert utca;Debrecen
Domokos Lajos utca;Debrecen
Domokos Márton kert;Debrecen
Dongó utca;Debrecen
Dorogi utca;Debrecen
Dorottya utca;Debrecen
Dorozsma utca;Debrecen
Dósa nádor tér;Debrecen
Dózsa György utca;Debrecen
Dugovics Titusz utca;Debrecen
Duskás Ferenc utca;Debrecen
Ecsedi István utca;Debrecen
Éden utca;Debrecen
Éger utca;Debrecen
Egressy Béni tér;Debrecen
Egyetem sugárút;Debrecen
Egyetem tér;Debrecen
Egyletkert utca;Debrecen
Egymalom utca;Debrecen
Elek utca;Debrecen
Előd utca;Debrecen
Előkert utca;Debrecen
Ember Pál utca;Debrecen
Endre utca;Debrecen
Eötvös utca;Debrecen
Eperfa utca;Debrecen
Eperjes utca;Debrecen
Eper utca;Debrecen
Építész utca;Debrecen
Építők utca;Debrecen
Epreskert utca;Debrecen
Erdei Ferenc utca;Debrecen
Erdély utca;Debrecen
Erdészház ;Debrecen
Erdész utca;Debrecen
Erdőalja utca;Debrecen
Erdőhát utca;Debrecen
Erdőmellék utca;Debrecen
Erdőmester utca;Debrecen
Erdősor utca;Debrecen
Erdőspuszta utca;Debrecen
Erdőszél utca;Debrecen
Erkel Ferenc utca;Debrecen
Érmellék utca;Debrecen
Erőss Lajos utca;Debrecen
Érpart utca;Debrecen
Érsek utca;Debrecen
Erzsébet utca;Debrecen
Estike utca;Debrecen
Északi sor;Debrecen
Esze Tamás utca;Debrecen
Éva utca;Debrecen
Ezerjófű utca;Debrecen
Ezüstfenyő utca;Debrecen
Ezüstmoha utca;Debrecen
Ezüstnyár utca;Debrecen
Fácán utca;Debrecen
Fagyal utca;Debrecen
Fagyöngy utca;Debrecen
Fakopáncs utca;Debrecen
Fancsika tanya;Debrecen
Faragó utca;Debrecen
Faraktár utca;Debrecen
Farkasalma utca;Debrecen
Farkas utca;Debrecen
Fátyolfelhő utca;Debrecen
Fátyolka utca;Debrecen
Fátyolvirág utca;Debrecen
Fáy András utca;Debrecen
Fazekas Mihály utca;Debrecen
Fecske utca;Debrecen
Fehérgyarmat utca;Debrecen
Fehérszilva utca;Debrecen
Fejedelem utca;Debrecen
Fekete István utca;Debrecen
Feketerét utca;Debrecen
Félegyházi Tamás utca;Debrecen
Felleg utca;Debrecen
Felsőjózsai utca;Debrecen
Felsőpércsi utca;Debrecen
Fényes udvar;Debrecen
Fenyő utca;Debrecen
Fény utca;Debrecen
Fenyves utca;Debrecen
Fészek utca;Debrecen
Fiákeres utca;Debrecen
Fillér utca;Debrecen
Fodormenta utca;Debrecen
Fogoly utca;Debrecen
Fokos utca;Debrecen
Földibodza utca;Debrecen
Földi János utca;Debrecen
Fóliás utca;Debrecen
Fonatos utca;Debrecen
Forduló köz;Debrecen
Forgách utca;Debrecen
Főző utca;Debrecen
Függetlenség utca;Debrecen
Fülemüle utca;Debrecen
Fülöp utca;Debrecen
Füredi út;Debrecen
Fűrész utca;Debrecen
Fürj utca;Debrecen
Furmint utca;Debrecen
Fürtös köz;Debrecen
Furulya utca;Debrecen
Futó utca;Debrecen
Futrinka utca;Debrecen
Fuvallat utca;Debrecen
Füvészkert utca;Debrecen
Füzes dűlő;Debrecen
Fűzfa utca;Debrecen
Füzike utca;Debrecen
Gábor Áron utca;Debrecen
Gáborjáni Szabó Kálmán utca;Debrecen
Galagonya utca;Debrecen
Galamb utca;Debrecen
Galvácsy köz;Debrecen
Gambrinus köz;Debrecen
Garai utca;Debrecen
Gárdonyi Géza utca;Debrecen
Gáspár Endre utca;Debrecen
Gáspár György kert;Debrecen
Gát utca;Debrecen
Gázgyár utca;Debrecen
Gázvezeték utca;Debrecen
Gébics utca;Debrecen
Gépész utca;Debrecen
Gerbera utca;Debrecen
Géresi utca;Debrecen
Gergely utca;Debrecen
Gerle utca;Debrecen
Gesztenye utca;Debrecen
Géza utca;Debrecen
Ghilányi utca;Debrecen
Gilice köz;Debrecen
Gizella utca;Debrecen
Gogol utca;Debrecen
Gohér utca;Debrecen
Gólyahír utca;Debrecen
Gólya utca;Debrecen
Golyó utca;Debrecen
Gombvirág utca;Debrecen
Göncölszekér utca;Debrecen
Gönczy Pál utca;Debrecen
Görbe utca;Debrecen
Görgény utca;Debrecen
Görgey utca;Debrecen
Gorkij utca;Debrecen
Görög utca;Debrecen
Gránát utca;Debrecen
Gubacs utca;Debrecen
Gulyakút utca;Debrecen
Gulyás Pál utca;Debrecen
Guti utca;Debrecen
Gvadányi utca;Debrecen
Gyalog utca;Debrecen
Gyár utca;Debrecen
Gyékény utca;Debrecen
Gyémánt utca;Debrecen
Gyepűsor utca;Debrecen
Gyergyó utca;Debrecen
Gyimes utca;Debrecen
Gyires Béla utca;Debrecen
Gyolcsos utca;Debrecen
Gyoma utca;Debrecen
Gyömbér utca;Debrecen
Gyöngyike utca;Debrecen
Gyöngyösi utca;Debrecen
Gyöngyszem utca;Debrecen
Gyöngyvessző utca;Debrecen
Gyöngyvirág utca;Debrecen
Gyopár utca;Debrecen
Győrffy István utca;Debrecen
György utca;Debrecen
Gyulai utca;Debrecen
Gyümölcs utca;Debrecen
Gyurgyalag utca;Debrecen
Gyűrű utca;Debrecen
Gyűszűvirág utca;Debrecen
Hadházi út;Debrecen
Hadvezér utca;Debrecen
Hajdú köz;Debrecen
Hajdúszentgyörgy vasútállomás;Debrecen
Hajdú utca;Debrecen
Hajnalcsillag utca;Debrecen
Hajnal utca;Debrecen
Hajós Alfréd utca;Debrecen
Hajó utca;Debrecen
Haladás utca;Debrecen
Haláp tanya;Debrecen
Haláp utca;Debrecen
Halasi utca;Debrecen
Halastó utca;Debrecen
Halász István utca;Debrecen
Halász utca;Debrecen
Hal köz;Debrecen
Hámfa utca;Debrecen
Hanga utca;Debrecen
Hangyás utca;Debrecen
Hanna Kincse tanya;Debrecen
Harangos utca;Debrecen
Harasztos köz;Debrecen
Hargita utca;Debrecen
Harkály utca;Debrecen
Hármashegy utca;Debrecen
Harmatfű utca;Debrecen
Harmat utca;Debrecen
Hársfavirág utca;Debrecen
Harsona utca;Debrecen
Harstein-kert ;Debrecen
Hárs utca;Debrecen
Határ út;Debrecen
Hatház utca;Debrecen
Hátszeg utca;Debrecen
Hattyú utca;Debrecen
Hatvani István utca;Debrecen
Hatvan utca;Debrecen
Házgyár utca;Debrecen
Hegyi Mihályné utca;Debrecen
Hegyköz utca;Debrecen
Hegy utca;Debrecen
Heltai Jenő utca;Debrecen
Herczeg utca;Debrecen
Herpay Gábor utca;Debrecen
Hetényi János utca;Debrecen
Hétvezér utca;Debrecen
Hevesi utca;Debrecen
Híd utca;Debrecen
Hínár köz;Debrecen
Hínár utca;Debrecen
Hintós utca;Debrecen
Hodászi Lukács utca;Debrecen
Hódos Imre utca;Debrecen
Hód utca;Debrecen
Hőforrás utca;Debrecen
Holdsugár utca;Debrecen
Hold utca;Debrecen
Holdvilág utca;Debrecen
Holló János utca;Debrecen
Holló László sétány;Debrecen
Holló László utca;Debrecen
Hollós utca;Debrecen
Homokhát utca;Debrecen
Homokkert utca;Debrecen
Homok utca;Debrecen
Honti utca;Debrecen
Honvédtemető utca;Debrecen
Honvéd utca;Debrecen
Hópihe utca;Debrecen
Hordó utca;Debrecen
Horgász utca;Debrecen
Hortobágy utca;Debrecen
Horváth Árpád utca;Debrecen
Hősök útja;Debrecen
Hosszúpályi út;Debrecen
Hóvirág utca;Debrecen
Hullám utca;Debrecen
Hungária utca;Debrecen
Hun utca;Debrecen
Hunyadi János utca;Debrecen
Hunyor utca;Debrecen
Hüse tanya;Debrecen
Huszár Gál utca;Debrecen
Hüvelyes utca;Debrecen
Ibolya utca;Debrecen
Ifjúság utca;Debrecen
Iglice utca;Debrecen
Igló utca;Debrecen
Igric utca;Debrecen
Ildikó utca;Debrecen
Illyés Gyula utca;Debrecen
Ilona utca;Debrecen
Inda utca;Debrecen
Iparkamara utca;Debrecen
Ipoly utca;Debrecen
Irányi Dániel utca;Debrecen
Irén utca;Debrecen
Iringó utca;Debrecen
Irinyi utca;Debrecen
Iskola utca;Debrecen
Ispán utca;Debrecen
Ispotály utca;Debrecen
István király tér;Debrecen
István út;Debrecen
Iván mester utca;Debrecen
Izabella utca;Debrecen
Izsó utca;Debrecen
Jáger dűlő;Debrecen
Jámbor Lajos utca;Debrecen
Jánosi utca;Debrecen
János Vitéz utca;Debrecen
Jászai Mari utca;Debrecen
Jász utca;Debrecen
Jázmin utca;Debrecen
Jegenye utca;Debrecen
Jégvirág utca;Debrecen
Jenő utca;Debrecen
Jerikó utca;Debrecen
Jókai utca;Debrecen
Jonatán utca;Debrecen
Jósa Miklós utca;Debrecen
Jósika utca;Debrecen
Josta utca;Debrecen
Józsa István utca;Debrecen
Józsai utca;Debrecen
Józsakert utca;Debrecen
József Attila utca;Debrecen
József utca;Debrecen
Juharfa utca;Debrecen
Juhász Géza utca;Debrecen
Juhász Gyula utca;Debrecen
Jurisich utca;Debrecen
Kabar utca;Debrecen
Kacagány utca;Debrecen
Kadarcs utca;Debrecen
Kádárdűlő ;Debrecen
Kadarka utca;Debrecen
Kádár utca;Debrecen
Kádas utca;Debrecen
Kadosa utca;Debrecen
Kaffka Margit utca;Debrecen
Kakaslábfű utca;Debrecen
Kakas utca;Debrecen
Káka utca;Debrecen
Kaktusz utca;Debrecen
Kakukk utca;Debrecen
Kalász utca;Debrecen
Káliz utca;Debrecen
Kálmán Béla utca;Debrecen
Kálmáncsehi utca;Debrecen
Kálmán utca;Debrecen
Kálmos utca;Debrecen
Kalotaszeg tér;Debrecen
Kálvin tér;Debrecen
Kamarás utca;Debrecen
Kamilla utca;Debrecen
Kanális utca;Debrecen
Kandia utca;Debrecen
Kandó Kálmán utca;Debrecen
Kankalin utca;Debrecen
Kantár utca;Debrecen
Kántor utca;Debrecen
Kanyar sor;Debrecen
Kánya utca;Debrecen
Kapitány utca;Debrecen
Kápolnási utca;Debrecen
Kapor utca;Debrecen
Kaptár utca;Debrecen
Karabély utca;Debrecen
Karacs Ferenc utca;Debrecen
Karácsony György utca;Debrecen
Kárász utca;Debrecen
Kardos Albert utca;Debrecen
Kard utca;Debrecen
Kardvirág utca;Debrecen
Karinthy Frigyes utca;Debrecen
Kárókatona utca;Debrecen
Károli Gáspár tér;Debrecen
Károli Gáspár utca;Debrecen
Károlyi Mihály utca;Debrecen
Kárpáti Károly utca;Debrecen
Kartács utca;Debrecen
Kar utca;Debrecen
Kaskötő utca;Debrecen
Kassai út;Debrecen
Kastélykert utca;Debrecen
Kastély utca;Debrecen
Kasza köz;Debrecen
Kaszás utca;Debrecen
Kászon utca;Debrecen
Katalin utca;Debrecen
Katáng utca;Debrecen
Katona József utca;Debrecen
Kavics utca;Debrecen
Kazár utca;Debrecen
Kazinczy utca;Debrecen
Kecsege utca;Debrecen
Kecskerágó utca;Debrecen
Kéknyelű utca;Debrecen
Kékperje utca;Debrecen
Kékszilva utca;Debrecen
Kékszőlő utca;Debrecen
Kéky Lajos utca;Debrecen
Kelence utca;Debrecen
Keleti sor;Debrecen
Kemény Zsigmond utca;Debrecen
Kender utca;Debrecen
Kenézy Gyula utca;Debrecen
Kengyel zug;Debrecen
Kenyér utca;Debrecen
Kerecsen utca;Debrecen
Kerekes Ferenc utca;Debrecen
Kerékgyártó utca;Debrecen
Keresszegi utca;Debrecen
Keresztesi utca;Debrecen
Kérész utca;Debrecen
Kerezsi Endre utca;Debrecen
Kertbarát utca;Debrecen
Kertekalja utca;Debrecen
Kertész utca;Debrecen
Kerti utca;Debrecen
Kertváros utca;Debrecen
Kér utca;Debrecen
Késmárk utca;Debrecen
Keszeg utca;Debrecen
Keszi utca;Debrecen
Kétmalom utca;Debrecen
Keve utca;Debrecen
Kígyóhagyma utca;Debrecen
Kígyó köz;Debrecen
Kígyó utca;Debrecen
Kikelet utca;Debrecen
Kikerics utca;Debrecen
Kincseshegy utca;Debrecen
Kinizsi utca;Debrecen
Királyfű utca;Debrecen
Király utca;Debrecen
Kirgiz utca;Debrecen
Kisbánya utca;Debrecen
Kisbotos utca;Debrecen
Kisdobos utca;Debrecen
Kiserdő utca;Debrecen
Kisfaludy utca;Debrecen
Kishatár utca;Debrecen
Kishegyesi út;Debrecen
Kiskert utca;Debrecen
Kiskút utca;Debrecen
Kismacs 1-48 tanya;Debrecen
Kismarja utca;Debrecen
Kiss Áron utca;Debrecen
Kiss Ernő utca;Debrecen
Kiss József utca;Debrecen
Kiss Sámuel utca;Debrecen
Kistegez utca;Debrecen
Kistelek utca;Debrecen
Klaipeda utca;Debrecen
Klapka utca;Debrecen
Klastrompart sor;Debrecen
Klauzál Gábor utca;Debrecen
Knézich Károly utca;Debrecen
Kócsag utca;Debrecen
Kocsis utca;Debrecen
Kocsord utca;Debrecen
Kodály Zoltán utca;Debrecen
Kőfaragó utca;Debrecen
Kökény utca;Debrecen
Kökörcsin utca;Debrecen
Kölcsey utca;Debrecen
Köleséri Sámuel utca;Debrecen
Köles utca;Debrecen
Kolónia utca;Debrecen
Kolozsvári utca;Debrecen
Komáromi Csipkés György tér;Debrecen
Komáromi utca;Debrecen
Kömény utca;Debrecen
Komlóssy út;Debrecen
Komló utca;Debrecen
Kőműves utca;Debrecen
Kondoroskert utca;Debrecen
Kondoros utca;Debrecen
Könd utca;Debrecen
Konkoly utca;Debrecen
Köntösgát sor;Debrecen
Köntöskert utca;Debrecen
Kontyvirág utca;Debrecen
Könyök utca;Debrecen
Könyves Tóth Kálmán utca;Debrecen
Könyvkötő utca;Debrecen
Kopáncs utca;Debrecen
Kopja utca;Debrecen
Koppány utca;Debrecen
Korcsolyás utca;Debrecen
Kórház utca;Debrecen
Koriander utca;Debrecen
Kőrisfa utca;Debrecen
Kormorán utca;Debrecen
Kormosalma utca;Debrecen
Körömvirág utca;Debrecen
Kőrösi Csoma Sándor utca;Debrecen
Körös utca;Debrecen
Kóró utca;Debrecen
Korponai utca;Debrecen
Korsó utca;Debrecen
Körtefa utca;Debrecen
Kör utca;Debrecen
Kosárfonó utca;Debrecen
Kosbor utca;Debrecen
Kós Károly utca;Debrecen
Kossuth tér;Debrecen
Kossuth utca;Debrecen
Kőszeg utca;Debrecen
Köszméte utca;Debrecen
Köszörűs utca;Debrecen
Koszorú utca;Debrecen
Kosztolányi Dezső utca;Debrecen
Köteles utca;Debrecen
Kovács Pál utca;Debrecen
Kövirózsa utca;Debrecen
Közép utca;Debrecen
Kristály utca;Debrecen
Krónikás utca;Debrecen
Krúdy Gyula utca;Debrecen
Küküllő utca;Debrecen
Kulacs utca;Debrecen
Külcsere utca;Debrecen
Külső Diószegi út;Debrecen
Külső Létai út;Debrecen
Külső Sámsoni út;Debrecen
Külső Szoboszlói út;Debrecen
Külső-Vásártér ;Debrecen
Kunhalom utca;Debrecen
Kun utca;Debrecen
Kurta utca;Debrecen
Kürtgyarmat utca;Debrecen
Kürtös utca;Debrecen
Kurucz utca;Debrecen
Kútfő utca;Debrecen
Kút utca;Debrecen
Kútvölgyi utca;Debrecen
Kuvik utca;Debrecen
Labdarózsa utca;Debrecen
Laboda utca;Debrecen
Ladik utca;Debrecen
Lahner utca;Debrecen
Lakatos utca;Debrecen
Laktanya utca;Debrecen
Lámpás utca;Debrecen
Lándzsa utca;Debrecen
Lant utca;Debrecen
Lapály utca;Debrecen
Látókép utca;Debrecen
Laura utca;Debrecen
Lázár utca;Debrecen
Leánder utca;Debrecen
Leány utca;Debrecen
Legányi utca;Debrecen
Legátus utca;Debrecen
Legényrózsa utca;Debrecen
Légykapó utca;Debrecen
Lehel utca;Debrecen
Leiningen utca;Debrecen
Lejtős utca;Debrecen
Lenc utca;Debrecen
Lenkey János utca;Debrecen
Lépesméz utca;Debrecen
Lepkeszeg utca;Debrecen
Létai út;Debrecen
Levendula utca;Debrecen
Libakert utca;Debrecen
Libatop utca;Debrecen
Liget lakópark;Debrecen
Ligetszépe utca;Debrecen
Liget tér;Debrecen
Lilaakác utca;Debrecen
Liliom utca;Debrecen
Lilla tér;Debrecen
Lipták András utca;Debrecen
Lisznyai utca;Debrecen
Liszt Ferenc utca;Debrecen
Lóding utca;Debrecen
Lomb utca;Debrecen
Lomnic utca;Debrecen
Lónyai utca;Debrecen
Lőporos utca;Debrecen
Lórántffy utca;Debrecen
Lőrinc pap utca;Debrecen
Lóskúti út;Debrecen
Lőtér utca;Debrecen
Lovas utca;Debrecen
Lovász utca;Debrecen
Lóverseny köz;Debrecen
Lóverseny utca;Debrecen
Lucfenyő utca;Debrecen
Lugas utca;Debrecen
Lugossy utca;Debrecen
Luther utca;Debrecen
Mácsai Sándor utca;Debrecen
Macsi utca;Debrecen
Macs vasútállomás;Debrecen
Madách Imre tér;Debrecen
Madarász utca;Debrecen
Magház utca;Debrecen
Magtárház utca;Debrecen
Magtár utca;Debrecen
Magvető utca;Debrecen
Magyari utca;Debrecen
Magyar utca;Debrecen
Majoránna utca;Debrecen
Makkai Sándor utca;Debrecen
Makkos utca;Debrecen
Makó utca;Debrecen
Mák utca;Debrecen
Málna utca;Debrecen
Malom köz;Debrecen
Malom utca;Debrecen
Malvin utca;Debrecen
Mályva utca;Debrecen
Mandula utca;Debrecen
Manninger Gusztáv utca;Debrecen
Március 15. utca;Debrecen
Margaréta utca;Debrecen
Margit tér;Debrecen
Markotányos utca;Debrecen
Marokszedő utca;Debrecen
Maros utca;Debrecen
Maróthy György utca;Debrecen
Martinovics utca;Debrecen
Martonfalvi utca;Debrecen
Mátai utca;Debrecen
Mata János utca;Debrecen
Máta utca;Debrecen
Mathiász János utca;Debrecen
Mátyás király utca;Debrecen
Matyó utca;Debrecen
MÁV hegesztő telep;Debrecen
Mécsvirág utca;Debrecen
Medgyessy sétány;Debrecen
Medok utca;Debrecen
Medvefű utca;Debrecen
Meggyfás utca;Debrecen
Megyer köz;Debrecen
Megyer tér;Debrecen
Méheskert utca;Debrecen
Méhészföld tanya;Debrecen
Méhészkert ;Debrecen
Méhkas utca;Debrecen
Melinda utca;Debrecen
Melith utca;Debrecen
Méliusz tér;Debrecen
Melotai Nyilas utca;Debrecen
Ménrót utca;Debrecen
Menyhárt József tér;Debrecen
Mester utca;Debrecen
Mészáros Gergely kert;Debrecen
Mészáros utca;Debrecen
Meszena utca;Debrecen
Meszesi utca;Debrecen
Mészöly Géza utca;Debrecen
Mézesbáb utca;Debrecen
Mézescsók utca;Debrecen
Mézeshegy utca;Debrecen
Mézeshuszár utca;Debrecen
Mézeskalácsos utca;Debrecen
Mézeskard utca;Debrecen
Mézharmat utca;Debrecen
Mezőgazdász utca;Debrecen
Mező utca;Debrecen
Mihálylaki utca;Debrecen
Mikepércsi út;Debrecen
Mikes Kelemen utca;Debrecen
Miklós utca;Debrecen
Mikszáth Kálmán utca;Debrecen
Millennium tér;Debrecen
Mogyoró utca;Debrecen
Mohács utca;Debrecen
Moha utca;Debrecen
Mókus utca;Debrecen
Molnár utca;Debrecen
Monostorerdő utca;Debrecen
Monostorpályi út;Debrecen
Monostor utca;Debrecen
Monti ezredes utca;Debrecen
Mórabóra utca;Debrecen
Móra Ferenc utca;Debrecen
Móricz Zsigmond körút;Debrecen
Morvay Zoltán utca;Debrecen
Mozdony utca;Debrecen
Munkácsy Mihály utca;Debrecen
Munkás utca;Debrecen
Muskátli utca;Debrecen
Muskotály utca;Debrecen
Múzeum utca;Debrecen
Nádas utca;Debrecen
Nádirigó utca;Debrecen
Nádor utca;Debrecen
Nádsíp utca;Debrecen
Nagybánya utca;Debrecen
Nagybotos utca;Debrecen
Nagycsere tanya;Debrecen
Nagydobos utca;Debrecen
Nagyecsed utca;Debrecen
Nagyerdei körút;Debrecen
Nagyerdei park;Debrecen
Nagy-Gál István utca;Debrecen
Nagyhát utca;Debrecen
Nagy Jenő utca;Debrecen
Nagykároly utca;Debrecen
Nagy Lajos Király tér;Debrecen
Nagy Lajos utca;Debrecen
Nagymacs tanya;Debrecen
Nagy Mihály kert;Debrecen
Nagy Mihály köz;Debrecen
Nagy Mihály utca;Debrecen
Nagy Mihály zug;Debrecen
Nagy Pál utca;Debrecen
Nagy Sándor József utca;Debrecen
Nagyszalonta utca;Debrecen
Nagyszentgyörgy utca;Debrecen
Naphal utca;Debrecen
Napkelte utca;Debrecen
Napnyugta utca;Debrecen
Napraforgó utca;Debrecen
Naprózsa utca;Debrecen
Napsugár utca;Debrecen
Nap utca;Debrecen
Nárcisz utca;Debrecen
Naspolya utca;Debrecen
Nefelejcs utca;Debrecen
Nektár utca;Debrecen
Németh László utca;Debrecen
Nemzetőr utca;Debrecen
Nógrádi Mátyás utca;Debrecen
Nőszirom utca;Debrecen
Nyárád utca;Debrecen
Nyárfás utca;Debrecen
Nyár utca;Debrecen
Nyáry Pál utca;Debrecen
Nyék utca;Debrecen
Nyereg utca;Debrecen
Nyíl utca;Debrecen
Nyíregyházi utca;Debrecen
Nyírfa utca;Debrecen
Nyitnikék utca;Debrecen
Nyitra utca;Debrecen
Nyomdász utca;Debrecen
Nyugati utca;Debrecen
Nyulas utca;Debrecen
Ödön utca;Debrecen
Odú utca;Debrecen
Ohat utca;Debrecen
Óiskola utca;Debrecen
Ókastély utca;Debrecen
Ököritó utca;Debrecen
Ökörszem utca;Debrecen
Október 6. utca;Debrecen
Ókút utca;Debrecen
Oláh Gábor utca;Debrecen
Oláh Károly utca;Debrecen
Olajfa utca;Debrecen
Olajütő utca;Debrecen
Olimpiai fasor;Debrecen
Ölyves utca;Debrecen
Ondódi utca;Debrecen
Ond utca;Debrecen
Oportó utca;Debrecen
Ördögkert utca;Debrecen
Öreg János utca;Debrecen
Orgona utca;Debrecen
Őrhegy utca;Debrecen
Ormai Norbert utca;Debrecen
Őrmester utca;Debrecen
Ormós Lajos utca;Debrecen
Orosháza utca;Debrecen
Ostoros utca;Debrecen
Ösvény utca;Debrecen
Őszirózsa köz;Debrecen
Ősz utca;Debrecen
Otelló utca;Debrecen
Ótemető utca;Debrecen
Ötmalom utca;Debrecen
Ötvenhatosok tere;Debrecen
Óvoda utca;Debrecen
Őzbak utca;Debrecen
Őzgida utca;Debrecen
Őzláb utca;Debrecen
Ozmán utca;Debrecen
Őz utca;Debrecen
Pacikert utca;Debrecen
Pacsirta utca;Debrecen
Pac tanya;Debrecen
Páfrány utca;Debrecen
Pagony utca;Debrecen
Pajtás utca;Debrecen
Pajzsika utca;Debrecen
Pajzs utca;Debrecen
Pákász utca;Debrecen
Pallagi út;Debrecen
Pallag tanya;Debrecen
Palóc utca;Debrecen
Pál utca;Debrecen
Pandúr utca;Debrecen
Pápai József utca;Debrecen
Paprika utca;Debrecen
Paptava utca;Debrecen
Park utca;Debrecen
Pásti utca;Debrecen
Pásztor utca;Debrecen
Patai István utca;Debrecen
Patak utca;Debrecen
Pattantyús utca;Debrecen
Páva utca;Debrecen
Pázsit utca;Debrecen
Péchy utca;Debrecen
Péczely utca;Debrecen
Pék utca;Debrecen
Pelikán utca;Debrecen
Pelyva utca;Debrecen
Pemetefű utca;Debrecen
Pempő utca;Debrecen
Pércsikert utca;Debrecen
Perecdűlő ;Debrecen
Pereces utca;Debrecen
Perem utca;Debrecen
Perényi utca;Debrecen
Perzse utca;Debrecen
Pesti utca;Debrecen
Péterfia dűlő;Debrecen
Péterfia utca;Debrecen
Petneházy utca;Debrecen
Petőfi tér;Debrecen
Petrezselyem utca;Debrecen
Petúnia utca;Debrecen
Petúr utca;Debrecen
Piac utca;Debrecen
Pilinszky János utca;Debrecen
Pillangó utca;Debrecen
Pincés utca;Debrecen
Pipacs utca;Debrecen
Pipitér utca;Debrecen
Pipóhegy utca;Debrecen
Pirkadat utca;Debrecen
Piroska utca;Debrecen
Pitypang utca;Debrecen
Platán utca;Debrecen
Pogány utca;Debrecen
Pohárnok utca;Debrecen
Pohl Ferenc utca;Debrecen
Polgár utca;Debrecen
Pöltenberg utca;Debrecen
Poprád utca;Debrecen
Porcsin utca;Debrecen
Poroshát utca;Debrecen
Poroszlay út;Debrecen
Portörő utca;Debrecen
Portulácska utca;Debrecen
Porzó utca;Debrecen
Pósalaki utca;Debrecen
Pósa utca;Debrecen
Postakert utca;Debrecen
Poszáta utca;Debrecen
Povolny Ferenc utca;Debrecen
Présház utca;Debrecen
Puska utca;Debrecen
Puszedli utca;Debrecen
Puttony utca;Debrecen
Puzdra utca;Debrecen
Rába utca;Debrecen
Radán Balázs utca;Debrecen
Radnóti Miklós utca;Debrecen
Ragoda dűlő;Debrecen
Rákóczi utca;Debrecen
Rakovszky Dániel utca;Debrecen
Raktár utca;Debrecen
Rekettye utca;Debrecen
Remény utca;Debrecen
Repce utca;Debrecen
Retek utca;Debrecen
Rétikanyar utca;Debrecen
Rétisas utca;Debrecen
Révész tér;Debrecen
Rezeda utca;Debrecen
Rézmetsző utca;Debrecen
Rézvirág utca;Debrecen
Ribizli utca;Debrecen
Rigó utca;Debrecen
Ringló utca;Debrecen
Rippl-Rónai József utca;Debrecen
Rizling utca;Debrecen
Róka utca;Debrecen
Róna utca;Debrecen
Rönk utca;Debrecen
Rövid utca;Debrecen
Rozmaring utca;Debrecen
Rózsahegy utca;Debrecen
Rózsástelep utca;Debrecen
Rózsa utca;Debrecen
Rózsavölgy utca;Debrecen
Rőzse utca;Debrecen
Rutafű utca;Debrecen
Ruyter utca;Debrecen
Sáfrány utca;Debrecen
Sajó utca;Debrecen
Sajtár utca;Debrecen
Sajtoló utca;Debrecen
Salakos utca;Debrecen
Saláta utca;Debrecen
Salétrom utca;Debrecen
Sámsoni part;Debrecen
Sámsoni út;Debrecen
Sámsonkerti utca;Debrecen
Sándor utca;Debrecen
Sántha Kálmán utca;Debrecen
Sárga dűlő;Debrecen
Sárgarigó utca;Debrecen
Sarkadi Imre utca;Debrecen
Sarkad utca;Debrecen
Sarkantyú utca;Debrecen
Sárkány utca;Debrecen
Sarló utca;Debrecen
Sármány utca;Debrecen
Sármás utca;Debrecen
Sarok utca;Debrecen
Sárosi utca;Debrecen
Sárvári Pál utca;Debrecen
Sas utca;Debrecen
Sás utca;Debrecen
Saszla utca;Debrecen
Sátor zug;Debrecen
Sávoly köz;Debrecen
Schwidel József utca;Debrecen
Sebes utca;Debrecen
Segner tér;Debrecen
Selyemfű utca;Debrecen
Selyem utca;Debrecen
Senyei-Oláh István utca;Debrecen
Seregély utca;Debrecen
Sereg utca;Debrecen
Serház utca;Debrecen
Sestakert utca;Debrecen
Sesztina utca;Debrecen
Sétakert utca;Debrecen
Sikló utca;Debrecen
Sillye Gábor utca;Debrecen
Simonffy utca;Debrecen
Simon István utca;Debrecen
Simon László utca;Debrecen
Simon mester utca;Debrecen
Simonyi út;Debrecen
Sinai Miklós utca;Debrecen
Síntelep utca;Debrecen
Sípos utca;Debrecen
Síp utca;Debrecen
Sirály utca;Debrecen
Skalnitzky Antal utca;Debrecen
Solymár utca;Debrecen
Sólyom utca;Debrecen
Somkóró utca;Debrecen
Somlyai utca;Debrecen
Somogyi Pál utca;Debrecen
Som utca;Debrecen
Sonkoly utca;Debrecen
Soó Rezső utca;Debrecen
Sőregi János utca;Debrecen
Sőrés utca;Debrecen
Sóska utca;Debrecen
Stromfeld Aurél utca;Debrecen
Sumen utca;Debrecen
Summás utca;Debrecen
Sütő András utca;Debrecen
Sütő utca;Debrecen
Süveg utca;Debrecen
Szablya utca;Debrecen
Szabó Kálmán utca;Debrecen
Szabolcska Mihály utca;Debrecen
Szabolcs utca;Debrecen
Szabó Lőrinc utca;Debrecen
Szabó Pál utca;Debrecen
Szacsvay Imre utca;Debrecen
Szajkó utca;Debrecen
Szalay Sándor utca;Debrecen
Szálerdő utca;Debrecen
Szalkay utca;Debrecen
Szalma utca;Debrecen
Szalóksámson utca;Debrecen
Szalók utca;Debrecen
Számadó utca;Debrecen
Szamóca utca;Debrecen
Szamos utca;Debrecen
Szánkó utca;Debrecen
Szappanfű utca;Debrecen
Szappanos utca;Debrecen
Szárazi Ferenc utca;Debrecen
Szárazmalom utca;Debrecen
Szárcsa utca;Debrecen
Szarka János utca;Debrecen
Szarkaláb utca;Debrecen
Szarvas utca;Debrecen
Szatmár utca;Debrecen
Szávay Gyula utca;Debrecen
Százados utca;Debrecen
Százszorszép utca;Debrecen
Széchenyi utca;Debrecen
Szeder utca;Debrecen
Szegedi Gergely utca;Debrecen
Szeged utca;Debrecen
Szeges utca;Debrecen
Szegfű utca;Debrecen
Székelyek parkja;Debrecen
Székely utca;Debrecen
Szekeres utca;Debrecen
Szeklice utca;Debrecen
Szellőrózsa utca;Debrecen
Szélső utca;Debrecen
Szél utca;Debrecen
Széna tér;Debrecen
Szenczi Molnár Albert utca;Debrecen
Szent Anna utca;Debrecen
Szentes utca;Debrecen
Szentgyörgyfalvi út;Debrecen
Szentgyörgyi erdő;Debrecen
Szentgyörgyi utca;Debrecen
Szent Mihály utca;Debrecen
Szepesi utca;Debrecen
Szepességi utca;Debrecen
Szepes tanya;Debrecen
Szép utca;Debrecen
Szeremlei utca;Debrecen
Szérű utca;Debrecen
Szigligeti utca;Debrecen
Szikes utca;Debrecen
Szikgát ;Debrecen
Szikgáti út;Debrecen
Szikigyakor tanya;Debrecen
Szikra utca;Debrecen
Szikszai utca;Debrecen
Szilágyi Erzsébet utca;Debrecen
Szilágyi János utca;Debrecen
Szilágyság utca;Debrecen
Szilegyházi utca;Debrecen
Szilváni utca;Debrecen
Szilvásújfalvi utca;Debrecen
Szilva utca;Debrecen
Szirom utca;Debrecen
Szitakötő köz;Debrecen
Szitás utca;Debrecen
Szivárvány utca;Debrecen
Szív utca;Debrecen
Szoboszlói út;Debrecen
Szőlőhegy utca;Debrecen
Szőlőprés utca;Debrecen
Szőlőskert utca;Debrecen
Szőlő utca;Debrecen
Szombathi István utca;Debrecen
Szömörce utca;Debrecen
Szondi utca;Debrecen
Szőreg utca;Debrecen
Szotyori utca;Debrecen
Szűcs István utca;Debrecen
Szüret utca;Debrecen
Szurony utca;Debrecen
Szűr utca;Debrecen
Takács István utca;Debrecen
Táltos utca;Debrecen
Tamási Áron utca;Debrecen
Táncsics Mihály utca;Debrecen
Tanító utca;Debrecen
Tankó Béla utca;Debrecen
Tank utca;Debrecen
Tarányi József utca;Debrecen
Tarján tér;Debrecen
Tarján utca;Debrecen
Tarló utca;Debrecen
Tárnics utca;Debrecen
Tárogató utca;Debrecen
Tarr utca;Debrecen
Tas utca;Debrecen
Tatár utca;Debrecen
Tátika utca;Debrecen
Tátra utca;Debrecen
Tavasz utca;Debrecen
Tegez utca;Debrecen
Tégláskert utca;Debrecen
Téglás utca;Debrecen
Téglavető utca;Debrecen
Teleki utca;Debrecen
Telek utca;Debrecen
Tél utca;Debrecen
Templom utca;Debrecen
Tengerész utca;Debrecen
Termő utca;Debrecen
Tessedik Sámuel utca;Debrecen
Thaly Kálmán utca;Debrecen
Thököly utca;Debrecen
Thomas Mann utca;Debrecen
Thuróczi Gyula utca;Debrecen
Thury András utca;Debrecen
Tibet utca;Debrecen
Tiborc utca;Debrecen
Tímár utca;Debrecen
Tinódi utca;Debrecen
Tiszafa utca;Debrecen
Tisza István utca;Debrecen
Tisza utca;Debrecen
Tisztás utca;Debrecen
Tizedes utca;Debrecen
Toboz utca;Debrecen
Tócópart utca;Debrecen
Tócóskert tér;Debrecen
Tócós utca;Debrecen
Tócóvölgy sétány;Debrecen
Töhötöm utca;Debrecen
Tokaji utca;Debrecen
Tőke utca;Debrecen
Tölcsérvirág utca;Debrecen
Toldi utca;Debrecen
Tölgyfa utca;Debrecen
Töltény utca;Debrecen
Tomori Pál utca;Debrecen
Tömös utca;Debrecen
Tompa Mihály utca;Debrecen
Tordai Gábor utca;Debrecen
Törköly utca;Debrecen
Tormai István utca;Debrecen
Torma utca;Debrecen
Tormay Béla utca;Debrecen
Tornyostanya ;Debrecen
Torockó utca;Debrecen
Török Bálint utca;Debrecen
Török Ignác utca;Debrecen
Török utca;Debrecen
Tőr utca;Debrecen
Torzsás utca;Debrecen
Tóth Árpád utca;Debrecen
Tóth tanya;Debrecen
Tövis utca;Debrecen
Tőzegáfonya utca;Debrecen
Tőzike utca;Debrecen
Tőzsér utca;Debrecen
Traktoros utca;Debrecen
Tramini utca;Debrecen
Trombitás utca;Debrecen
Tubarózsa utca;Debrecen
Tücsök utca;Debrecen
Tüdőklinika utca;Debrecen
Tüdős Klára utca;Debrecen
Tükrösszív utca;Debrecen
Tulipán utca;Debrecen
Tündérhegy utca;Debrecen
Tündérkert utca;Debrecen
Tündérmező utca;Debrecen
Tündérrózsa utca;Debrecen
Tündér utca;Debrecen
Tünde utca;Debrecen
Turán utca;Debrecen
Türr István utca;Debrecen
Tusnád utca;Debrecen
Tutaj utca;Debrecen
Tüzér utca;Debrecen
Túzok utca;Debrecen
Tyukod utca;Debrecen
Üdekert utca;Debrecen
Ugocsa utca;Debrecen
Újgát utca;Debrecen
Újházi Ede utca;Debrecen
Újkert utca;Debrecen
Új utca;Debrecen
Ungvárikert utca;Debrecen
Ungvár utca;Debrecen
Unokakert utca;Debrecen
Uray utca;Debrecen
Űrhajósok tere;Debrecen
Ürmös utca;Debrecen
Úrrétje utca;Debrecen
Úszó utca;Debrecen
Utifű utca;Debrecen
Útőrház utca;Debrecen
Vadalma utca;Debrecen
Vadaskert utca;Debrecen
Vadász utca;Debrecen
Vadgalamb utca;Debrecen
Vadgesztenye köz;Debrecen
Vadkacsa utca;Debrecen
Vadkörte köz;Debrecen
Vadkörte utca;Debrecen
Vadliba utca;Debrecen
Vadmeggyes utca;Debrecen
Vadszőlő utca;Debrecen
Vadvirág utca;Debrecen
Vágóhíd utca;Debrecen
Vág utca;Debrecen
Vajdahunyad utca;Debrecen
Vákáncsos utca;Debrecen
Vak Bottyán utca;Debrecen
Vakond utca;Debrecen
Vályi Nagy Tibor utca;Debrecen
Vámospércsi út;Debrecen
Vámraktár utca;Debrecen
Várad utca;Debrecen
Várdai Miklós utca;Debrecen
Vargakert utca;Debrecen
Vargánya utca;Debrecen
Varga utca;Debrecen
Varjútövis utca;Debrecen
Vármegyeháza utca;Debrecen
Várnagy utca;Debrecen
Városház utca;Debrecen
Varsány utca;Debrecen
Varsa utca;Debrecen
Vár utca;Debrecen
Vásárhelyi Pál utca;Debrecen
Vasáros utca;Debrecen
Vásáry István utca;Debrecen
Vasfű utca;Debrecen
Vas Gereben utca;Debrecen
Vashámor utca;Debrecen
Vaskapu utca;Debrecen
Vasöntő utca;Debrecen
Vaspálya utca;Debrecen
Vastorony utca;Debrecen
Vasutas utca;Debrecen
Vasútoldal utca;Debrecen
Vasútszél utca;Debrecen
Vasvári Pál utca;Debrecen
Vay Ádám utca;Debrecen
Vécsey utca;Debrecen
Végső utca;Debrecen
Veker utca;Debrecen
Vendég utca;Debrecen
Vénkert utca;Debrecen
Venyige utca;Debrecen
Vércse utca;Debrecen
Veréb dűlő;Debrecen
Verecke utca;Debrecen
Veresegyházi Tamás utca;Debrecen
Veresgyűrű utca;Debrecen
Veres Péter utca;Debrecen
Veres utca;Debrecen
Verseny utca;Debrecen
Vértanú utca;Debrecen
Vértesi utca;Debrecen
Vessző utca;Debrecen
Vezér utca;Debrecen
Viasz utca;Debrecen
Vidra utca;Debrecen
Vigadó tér;Debrecen
Vígkedvű Mihály utca;Debrecen
Vihar utca;Debrecen
Vikár Béla utca;Debrecen
Világos utca;Debrecen
Villám utca;Debrecen
Vincellér utca;Debrecen
Viola utca;Debrecen
Virágméz utca;Debrecen
Virágos utca;Debrecen
Virágpor utca;Debrecen
Virágsarok köz;Debrecen
Virág utca;Debrecen
Vízhordó utca;Debrecen
Víztorony utca;Debrecen
Vőfély utca;Debrecen
Völgyalja utca;Debrecen
Völgy utca;Debrecen
Vontatási telep;Debrecen
Vörösmarty Mihály utca;Debrecen
Vukovics Sebő utca;Debrecen
Vulkán utca;Debrecen
Wekerle utca;Debrecen
Wesselényi utca;Debrecen
Weszprémi utca;Debrecen
Woloffka utca;Debrecen
Zákány utca;Debrecen
Zamenhof utca;Debrecen
Zápor utca;Debrecen
Zászlós utca;Debrecen
Zelemér utca;Debrecen
Zelizy Dániel utca;Debrecen
Zeller utca;Debrecen
Zengő utca;Debrecen
Zerge köz;Debrecen
Zerge utca;Debrecen
Zöldfa utca;Debrecen
Zöldmező utca;Debrecen
Zöld utca;Debrecen
Zoltai Lajos utca;Debrecen
Zólyom utca;Debrecen
Zörgőfű utca;Debrecen
Zoványi Jenő utca;Debrecen
Zrínyi utca;Debrecen
Zsák utca;Debrecen
Zsálya köz;Debrecen
Zsigmond Ferenc utca;Debrecen
Zsindely utca;Debrecen
Zsombék utca;Debrecen
Zsurló utca;Debrecen
Zúgó utca;Debrecen
Zúzmara utca;Debrecen
Zuzmó utca;Debrecen
Zwingli utca;Debrecen
